XOM,CVX,COP,EOG
1.0,0.6754906159483115,0.4139682517393539,0.8258147380140324
0.6754906159483115,1.0,0.8497112358016077,0.8403361433708642
0.4139682517393539,0.8497112358016077,1.0,0.7395846872935449
0.8258147380140324,0.8403361433708642,0.7395846872935449,1.0
